text,Real_Label,Predicted_Label
"C√°i b√†n ph√≠m n√†y ƒë√®n nh√°y d·ªü vl, ch√°n!",OFFENSIVE,OFFENSIVE
"C√°i app n√†y crash random, fuck n√≥ lu√¥n!",OFFENSIVE,OFFENSIVE
"M√°y ch∆°i game lag vl, ch√°n ƒë·ªùi!",OFFENSIVE,OFFENSIVE
"M√°y tui ch∆°i game n√≥ng vl, ch√°n ƒë·ªùi!",OFFENSIVE,OFFENSIVE
"Game n√†y map m·ªõi, ƒë·∫πp vl lu√¥n!",CLEAN,CLEAN
"Net h√¥m nay t·ªá vl, ch∆°i kh√¥ng n·ªïi!",OFFENSIVE,OFFENSIVE
C√°i headphone n√†y noise cancel ngon!,CLEAN,CLEAN
"Tui c·∫ßn app sketch free, suggest ƒëi!",CLEAN,CLEAN
"Tui v·ª´a upgrade SSD, m√°y nhanh h∆°n!",CLEAN,CLEAN
"C·∫ßn tool backup free, ai c√≥ kh√¥ng?",CLEAN,CLEAN
Ai c√≥ link watch phim 4K kh√¥ng?,CLEAN,CLEAN
"Game n√†y PvP fun, ai ch∆°i ch∆∞a?",CLEAN,CLEAN
"Tui v·ª´a join team, vibe chill l·∫Øm!",CLEAN,CLEAN
"Game n√†y storyline deep, ch∆°i ƒëi nha!",CLEAN,CLEAN
"Tui v·ª´a buy SSD, t·ªëc ƒë·ªô nhanh vl!",CLEAN,CLEAN
"C·∫ßn code PHP, ai share tui v·ªõi!",CLEAN,CLEAN
"Tui v·ª´a order b√†n ph√≠m, key ngon l·∫Øm!",CLEAN,CLEAN
"C·∫ßn tool extract free, ai c√≥ kh√¥ng?",CLEAN,CLEAN
"Shop n√†y deal x·ªãn, sƒÉn ƒëi m·ªçi ng∆∞·ªùi!",CLEAN,CLEAN
"Tui order ƒë·ªì m√† ship l√¢u vl, ch√°n gh√™!",OFFENSIVE,OFFENSIVE
"Tui c·∫ßn app sketch free, suggest ƒëi!",CLEAN,CLEAN
"Match n√†y team tui lose v√¨ lag, ngu vl!",OFFENSIVE,OFFENSIVE
"Loa n√†y √¢m thanh m√©o vl, b·ª±c m√¨nh!",OFFENSIVE,OFFENSIVE
"Ping cao vl, ch∆°i game lag mu·ªën kh√≥c!",OFFENSIVE,OFFENSIVE
"Order ƒë·ªì m√† ship ch·∫≠m nh∆∞ shit, ch√°n gh√™!",OFFENSIVE,OFFENSIVE
"Server down gi·ªØa game, fuck n√≥ lu√¥n!",OFFENSIVE,OFFENSIVE
"Tui m·ªõi ch∆°i game n√†y, kh√≥ vl!",OFFENSIVE,OFFENSIVE
"Game n√†y PvE ƒë·ªânh, ai ch∆°i ch∆∞a?",CLEAN,CLEAN
"Tui v·ª´a upgrade SSD, boot nhanh h∆°n!",CLEAN,CLEAN
"Film n√†y comedy ƒë·ªânh, xem ƒëi nha!",CLEAN,CLEAN
Ai bi·∫øt c√°ch tweak setting game kh√¥ng?,CLEAN,CLEAN
"Tui c·∫ßn app to-do free, g·ª£i √Ω nha!",CLEAN,CLEAN
"M√°y tui overheat khi ch∆°i, n√≥ng vl!",OFFENSIVE,OFFENSIVE
"Game n√†y patch m·ªõi, smooth h∆°n r·ªìi!",CLEAN,CLEAN
"C·∫ßn tool scan virus free, ai bi·∫øt kh√¥ng?",CLEAN,CLEAN
"Chu·ªôt n√†y scroll d·ªü ·∫πc, fuck lu√¥n!",OFFENSIVE,OFFENSIVE
"Shop ƒë√≥ ship ƒë√∫ng h·∫πn, ok l·∫Øm!",CLEAN,CLEAN
"C√°i earbuds n√†y fit ngon, sound ƒë·ªânh!",CLEAN,CLEAN
"M√°y tui drop FPS khi stream, ch√°n vl!",OFFENSIVE,OFFENSIVE
"C√°i monitor n√†y m√†u nh√≤e vl, ch√°n l·∫Øm!",OFFENSIVE,OFFENSIVE
"Tui test mic m·ªõi, sound clear l·∫Øm nha!",CLEAN,CLEAN
"Headphone n√†y d√¢y ng·∫Øn vl, d·ªü th·∫≠t!",OFFENSIVE,OFFENSIVE
"Ai bi·∫øt c√°ch fix error 404 kh√¥ng, help tui v·ªõi!",CLEAN,CLEAN
"Game n√†y event hot, join ƒëi m·ªçi ng∆∞·ªùi!",CLEAN,CLEAN
"Tui v·ª´a join team, vibe chill vl!",CLEAN,CLEAN
"C·∫ßn plugin free cho WP, ai bi·∫øt?",CLEAN,CLEAN
"Tui test webcam m√† h√¨nh m·ªù vl, ch√°n ƒë·ªùi!",OFFENSIVE,OFFENSIVE
"Webcam n√†y h√¨nh nh√≤e vl, d·ªü h∆°i th·∫≠t!",OFFENSIVE,OFFENSIVE
"Server lag kinh kh·ªßng, ch∆°i ch√°n vl!",OFFENSIVE,OFFENSIVE
"C√°i loa n√†y r√® vl, nghe ph√°t b·ª±c!",OFFENSIVE,OFFENSIVE
"C·∫ßn code PHP, ai share tui v·ªõi!",CLEAN,CLEAN
"Tui v·ª´a order chu·ªôt, click m∆∞·ª£t l·∫Øm!",CLEAN,CLEAN
Ai c√≥ tool edit sound free kh√¥ng?,CLEAN,CLEAN
"C√°i app n√†y UI d·ªü ·∫πc, b·ª±c m√¨nh!",OFFENSIVE,OFFENSIVE
"C·∫ßn app h·ªçc ti·∫øng Anh, recommend nha!",CLEAN,CLEAN
"C√°i earbuds n√†y fit t·ªët, sound c≈©ng ok!",CLEAN,CLEAN
"Tui v·ª´a post clip, like gi√πm tui nha!",CLEAN,CLEAN
"M√°y kh·ªüi ƒë·ªông ch·∫≠m vl, ƒëi√™n ti·∫øt!",OFFENSIVE,OFFENSIVE
"Tui v·ª´a buy HDD, dung l∆∞·ª£ng l·ªõn gh√™!",CLEAN,CLEAN
"Game n√†y multiplayer fun l·∫Øm, join ƒëi!",CLEAN,CLEAN
"C√°i headphone n√†y d√¢y l·ªèng l·∫ªo, d·ªü vl!",OFFENSIVE,OFFENSIVE
"Shop n√†y uy t√≠n, buy ƒë·ªì ·ªü ƒë√¢y ok l·∫Øm!",CLEAN,CLEAN
"Tai nghe n√†y sound y·∫øu x√¨u, ch√°n vl!",OFFENSIVE,OFFENSIVE
"C·∫ßn plugin free cho WP, ai bi·∫øt?",CLEAN,CLEAN
"Game n√†y PvE fun, ai ch∆°i ch∆∞a?",CLEAN,CLEAN
"Ai bi·∫øt code HTML basic kh√¥ng, teach tui v·ªõi!",CLEAN,CLEAN
"Tui v·ª´a join event, prize x·ªãn gh√™!",CLEAN,CLEAN
"C·∫ßn script Python, ai share tui!",CLEAN,CLEAN
"Ai bi·∫øt c√°ch setup VPN kh√¥ng, ch·ªâ tui!",CLEAN,CLEAN
"Tui v·ª´a test GPU, benchmark ƒë·ªânh!",CLEAN,CLEAN
"Game n√†y update map, ƒë·∫πp l·∫Øm!",CLEAN,CLEAN
Ai bi·∫øt c√°ch bypass lock n√†y kh√¥ng?,CLEAN,CLEAN
"Game n√†y bug nhi·ªÅu vl, ch∆°i ch√°n nh∆∞ ch√≥!",OFFENSIVE,OFFENSIVE
"Tui m·ªõi test game, FPS drop nh∆∞ m∆∞a!",OFFENSIVE,OFFENSIVE
"Ai c√≥ trick boost FPS kh√¥ng, share tui v·ªõi!",CLEAN,CLEAN
"Film n√†y soundtrack ƒë·ªânh, nghe ph√™!",CLEAN,CLEAN
"Tui test webcam, focus ch·∫≠m vl!",OFFENSIVE,OFFENSIVE
"C√°i b√†n ph√≠m n√†y typing ngon, nh∆∞ng ƒë·∫Øt v√£i!",OFFENSIVE,OFFENSIVE
"Ai bi·∫øt c√°ch boost CPU kh√¥ng, ch·ªâ tui!",CLEAN,CLEAN
"Server down n·ªØa r·ªìi, fuck c√°i h·ªá th·ªëng n√†y!",OFFENSIVE,OFFENSIVE
Ai bi·∫øt c√°ch mod skin kh√¥ng?,CLEAN,CLEAN
Ai bi·∫øt c√°ch config server kh√¥ng?,CLEAN,CLEAN
"Headphone n√†y treble ch√≥i vl, d·ªü th·∫≠t!",OFFENSIVE,OFFENSIVE
"Game n√†y fix glitch, m∆∞·ª£t h∆°n r·ªìi!",CLEAN,CLEAN
"M√°y tui update xong th√¨ crash li√™n t·ª•c, ƒëi√™n vl!",OFFENSIVE,OFFENSIVE
"C·∫ßn code m·∫´u, ai share tui v·ªõi!",CLEAN,CLEAN
"C·∫ßn code JS, ai share tui v·ªõi!",CLEAN,CLEAN
"Film n√†y soundtrack ƒë·ªânh, nghe ph√™!",CLEAN,CLEAN
"Game n√†y l·ªói nhi·ªÅu vl, ch∆°i ph√°t b·ª±c!",OFFENSIVE,OFFENSIVE
"Server crash l√∫c cƒÉng, fuck c√°i game n√†y!",OFFENSIVE,OFFENSIVE
"Game n√†y plot hay, ch∆°i ƒëi nha!",CLEAN,CLEAN
"Game n√†y bug ƒë·∫ßy, ch∆°i ch√°n nh∆∞ ch√≥!",OFFENSIVE,OFFENSIVE
"Server down ho√†i, ch∆°i sao n·ªïi v·∫≠y tr·ªùi?",OFFENSIVE,OFFENSIVE
"C√°i case n√†y design ƒë·∫πp, worth mua l·∫Øm!",CLEAN,CLEAN
Ai c√≥ link torrent phim m·ªõi kh√¥ng?,CLEAN,CLEAN
"Shop n√†y ship nhanh, uy t√≠n l·∫Øm!",CLEAN,CLEAN
"Mic n√†y thu √¢m r√® vl, b·ª±c m√¨nh!",OFFENSIVE,OFFENSIVE
"Ch∆°i game m√† FPS drop ho√†i, ƒëi√™n vl!",OFFENSIVE,OFFENSIVE
"C√°i b√†n ph√≠m n√†y RGB ƒë·∫πp, typing ngon!",CLEAN,CLEAN
"M√°y tui lag khi stream, ch√°n vl!",OFFENSIVE,OFFENSIVE
"Ai bi·∫øt c√°ch boost CPU kh√¥ng, ch·ªâ tui!",CLEAN,CLEAN
"Film n√†y ending ƒë·ªânh, xem ƒëi nha!",CLEAN,CLEAN
"Tui v·ª´a order chu·ªôt, click m∆∞·ª£t l·∫Øm!",CLEAN,CLEAN
"Monitor n√†y hi·ªÉn th·ªã m·ªù vl, ch√°n gh√™!",OFFENSIVE,OFFENSIVE
"Server lag nh∆∞ shit, ch∆°i sao n·ªïi?",OFFENSIVE,OFFENSIVE
"C√°i mic n√†y r√® nh∆∞ shit, ti·ªÅn m·∫•t t·∫≠t mang!",OFFENSIVE,OFFENSIVE
"Tui v·ª´a upgrade CPU, m√°y nhanh h∆°n!",CLEAN,CLEAN
"C·∫ßn tool backup free, ai c√≥ kh√¥ng?",CLEAN,CLEAN
"Tui c·∫ßn app paint free, suggest ƒëi!",CLEAN,CLEAN
"Film n√†y ending shock, xem ƒëi nha!",CLEAN,CLEAN
Ai c√≥ link watch phim online kh√¥ng?,CLEAN,CLEAN
Ai bi·∫øt c√°ch overclock CPU kh√¥ng?,CLEAN,CLEAN
"Film n√†y trending, xem ƒëi m·ªçi ng∆∞·ªùi!",CLEAN,CLEAN
"M√°y tui crash random, ƒëi√™n vl!",OFFENSIVE,OFFENSIVE
"Game n√†y bug kinh d·ªã, ch∆°i ch√°n l·∫Øm!",OFFENSIVE,OFFENSIVE
Ai bi·∫øt c√°ch mod skin kh√¥ng?,CLEAN,CLEAN
"C√°i loa n√†y treble ngon, price r·∫ª!",CLEAN,CLEAN
"Tui c·∫ßn app note free, g·ª£i √Ω ƒëi!",CLEAN,CLEAN
"Film n√†y climax ƒë·ªânh, xem ƒëi nha!",CLEAN,CLEAN
"App n√†y l·ªói li√™n t·ª•c, d·ªü ·∫πc th·∫≠t!",OFFENSIVE,OFFENSIVE
"Film n√†y ending ƒë·ªânh, xem ƒëi nha!",CLEAN,CLEAN
"Laptop n√†y ch∆°i game ok, nh∆∞ng fan ·ªìn nh∆∞ m√°y c√†y!",OFFENSIVE,OFFENSIVE
"C·∫ßn tool compress file free, ai c√≥?",CLEAN,CLEAN
"Tui v·ª´a buy SSD, t·ªëc ƒë·ªô nhanh vl!",CLEAN,CLEAN
Ai c√≥ link download free game n√†y kh√¥ng?,CLEAN,CLEAN
"Shop n√†y sale ƒë·ªì x·ªãn, check ƒëi!",CLEAN,CLEAN
"Tui c·∫ßn app chat free, g·ª£i √Ω c√°i n√†o ƒëi!",CLEAN,CLEAN
Ai c√≥ tool record sound free kh√¥ng?,CLEAN,CLEAN
"C√°i game n√†y lag nh∆∞ ƒëi√™n, ch∆°i ch√°n vl!",OFFENSIVE,OFFENSIVE
"C√°i loa n√†y treble ch√≥i tai, d·ªü h∆°i vl!",OFFENSIVE,OFFENSIVE
"Tui m·ªõi ch∆°i game n√†y, kh√≥ vl!",OFFENSIVE,OFFENSIVE
"C√°i b√†n ph√≠m n√†y RGB x·ªãn, typing ngon!",CLEAN,CLEAN
C√°i headphone n√†y noise cancel ngon!,CLEAN,CLEAN
"Tui v·ª´a buy RAM, m√°y m∆∞·ª£t h∆°n!",CLEAN,CLEAN
"M√°y n√≥ng vl, ch·∫°y mu·ªën ch√°y lu√¥n!",OFFENSIVE,OFFENSIVE
Ai c√≥ link stream phim m·ªõi kh√¥ng?,CLEAN,CLEAN
"Game n√†y update ƒë·∫πp, th·ª≠ ƒëi ai!",CLEAN,CLEAN
"Shop ƒë√≥ ship ƒë√∫ng h·∫πn, ok l·∫Øm!",CLEAN,CLEAN
"Film n√†y rating cao, xem ƒëi m·ªçi ng∆∞·ªùi!",CLEAN,CLEAN
"Server down l√∫c cƒÉng, fuck c√°i h·ªá th·ªëng!",OFFENSIVE,OFFENSIVE
"Film n√†y CGI ƒë·ªânh, xem th√≠ch l·∫Øm!",CLEAN,CLEAN
Ai bi·∫øt c√°ch mod game n√†y kh√¥ng?,CLEAN,CLEAN
"Game n√†y storyline hay, recommend nha!",CLEAN,CLEAN
"M√°y tui lag khi render, b·ª±c vl!",OFFENSIVE,OFFENSIVE
Ai c√≥ tool edit sound free kh√¥ng?,CLEAN,CLEAN
Ai bi·∫øt c√°ch unlock game kh√¥ng?,CLEAN,CLEAN
"Game n√†y plot hay, ch∆°i ƒëi nha!",CLEAN,CLEAN
"Tui m·ªõi ch∆°i game n√†y, kh√≥ vl!",OFFENSIVE,OFFENSIVE
"M√°y tui n√≥ng nh∆∞ l√≤, fuck c√°i cooling n√†y!",OFFENSIVE,OFFENSIVE
"Game n√†y event hot, join ƒëi m·ªçi ng∆∞·ªùi!",CLEAN,CLEAN
"M√°y tui restart random, b·ª±c vl!",OFFENSIVE,OFFENSIVE
Ai bi·∫øt c√°ch mod skin game kh√¥ng?,CLEAN,CLEAN
"Game n√†y fix glitch, m∆∞·ª£t h∆°n r·ªìi!",CLEAN,CLEAN
"C√°i b√†n ph√≠m n√†y g√µ c·ª©ng vl, b·ª±c m√¨nh!",OFFENSIVE,OFFENSIVE
Ai bi·∫øt c√°ch config server kh√¥ng?,CLEAN,CLEAN
"Tui c·∫ßn app paint free, suggest ƒëi!",CLEAN,CLEAN
"C·∫ßn app h·ªçc code, recommend ƒëi!",CLEAN,CLEAN
"Game n√†y fix bug, ch∆°i m∆∞·ª£t h∆°n!",CLEAN,CLEAN
"Tui order ƒë·ªì, tracking kh√¥ng ch·∫°y!",CLEAN,CLEAN
"C√°i tai nghe n√†y ƒë·ª©t d√¢y nhanh vl, ƒë·ªÉu th·∫≠t!",OFFENSIVE,OFFENSIVE
"Film n√†y hype qu√°, worth xem kh√¥ng m·ªçi ng∆∞·ªùi?",CLEAN,CLEAN
Ai bi·∫øt c√°ch tweak setting kh√¥ng?,CLEAN,CLEAN
"C·∫ßn app h·ªçc code free, recommend!",CLEAN,CLEAN
"Game n√†y event m·ªõi, join ƒëi m·ªçi ng∆∞·ªùi!",CLEAN,CLEAN
Ai c√≥ link download phim HD kh√¥ng?,CLEAN,CLEAN
"Ai bi·∫øt ch·ªó repair phone cheap kh√¥ng, ch·ªâ tui!",CLEAN,CLEAN
"M√°y tui lag khi stream, ch√°n vl!",OFFENSIVE,OFFENSIVE
"Shop n√†y deal ngon, sƒÉn ƒëi m·ªçi ng∆∞·ªùi!",CLEAN,CLEAN
"M√°y tui crash khi stream, b·ª±c vl!",OFFENSIVE,OFFENSIVE
"C·∫ßn app h·ªçc code free, recommend!",CLEAN,CLEAN
"Server lag ho√†i, fuck c√°i h·ªá th·ªëng!",OFFENSIVE,OFFENSIVE
"Tui c·∫ßn app note free, g·ª£i √Ω ƒëi!",CLEAN,CLEAN
"Monitor n√†y s√°ng t·ªëi lung tung, ch√°n vl!",OFFENSIVE,OFFENSIVE
"Game n√†y event m·ªõi, join ƒëi m·ªçi ng∆∞·ªùi!",CLEAN,CLEAN
"M√°y tui freeze khi render, b·ª±c vl!",OFFENSIVE,OFFENSIVE
"Tui c·∫ßn app sketch free, suggest ƒëi!",CLEAN,CLEAN
"Film n√†y CGI ƒë·ªânh, xem th√≠ch l·∫Øm!",CLEAN,CLEAN
"Game n√†y plot twist hay, ch∆°i ƒëi!",CLEAN,CLEAN
"C√°i tai nghe n√†y bass y·∫øu x√¨u, d·ªü vl!",OFFENSIVE,OFFENSIVE
Ai c√≥ link watch phim 4K kh√¥ng?,CLEAN,CLEAN
"Tui c·∫ßn app draw free, suggest ƒëi!",CLEAN,CLEAN
"Game n√†y map m·ªõi, ƒë·∫πp vl lu√¥n!",CLEAN,CLEAN
"Film n√†y CGI ƒë·∫πp, xem th√≠ch l·∫Øm!",CLEAN,CLEAN
"Shop n√†y discount x·ªãn, sƒÉn th·ª≠ ƒëi!",CLEAN,CLEAN
"Tui v·ª´a order loa, bass m·∫°nh l·∫Øm!",CLEAN,CLEAN
"Game n√†y event hot, join ƒëi m·ªçi ng∆∞·ªùi!",CLEAN,CLEAN
"Game n√†y patch m·ªõi, smooth h∆°n r·ªìi!",CLEAN,CLEAN
"Game n√†y storyline hay, recommend nha!",CLEAN,CLEAN
"Tui v·ª´a test app, bug ƒë·∫ßy, d·ªü vl!",OFFENSIVE,OFFENSIVE
"C·∫ßn plugin free cho WP, ai bi·∫øt?",CLEAN,CLEAN
"M√°y tui blue screen, ch·∫øt ti·ªát!",OFFENSIVE,OFFENSIVE
"C·∫ßn software crack, ai c√≥ link kh√¥ng?",CLEAN,CLEAN
"Tui m·ªõi test speed net, ping cao kinh kh·ªßng!",OFFENSIVE,OFFENSIVE
Ai c√≥ tool edit audio free kh√¥ng?,CLEAN,CLEAN
"Game n√†y storyline ƒë·ªânh, recommend nha!",CLEAN,CLEAN
"C√°i chu·ªôt n√†y click d·ªü ·∫πc, ch√°n gh√™!",OFFENSIVE,OFFENSIVE
"M√°y tui lag khi stream, ch√°n vl!",OFFENSIVE,OFFENSIVE
Ai c√≥ link stream b√≥ng ƒë√° kh√¥ng?,CLEAN,CLEAN
"Tui order ƒë·ªì, tracking kh√¥ng ch·∫°y!",CLEAN,CLEAN
"C√°i mic n√†y √¢m thanh t·ªá vl, ph√≠ ti·ªÅn!",OFFENSIVE,OFFENSIVE
"Shop n√†y deal x·ªãn, sƒÉn ƒëi m·ªçi ng∆∞·ªùi!",CLEAN,CLEAN
Ai bi·∫øt c√°ch tweak setting kh√¥ng?,CLEAN,CLEAN
"Server disconnect li√™n t·ª•c, shit th·∫≠t!",OFFENSIVE,OFFENSIVE
"M√°y tui overheat khi ch∆°i, n√≥ng vl!",OFFENSIVE,OFFENSIVE
"C·∫ßn app h·ªçc l·∫≠p tr√¨nh, suggest ƒëi!",CLEAN,CLEAN
Ai bi·∫øt c√°ch config server kh√¥ng?,CLEAN,CLEAN
"C·∫ßn app h·ªçc l·∫≠p tr√¨nh free, g·ª£i √Ω!",CLEAN,CLEAN
"M√°y tui ch∆°i game drop FPS, ch√°n vl!",OFFENSIVE,OFFENSIVE
"C√°i b√†n ph√≠m n√†y key h·ªèng nhanh vl, ch√°n!",OFFENSIVE,OFFENSIVE
"Film n√†y CGI ƒë·ªânh, xem th√≠ch l·∫Øm!",CLEAN,CLEAN
"B√†n ph√≠m n√†y g√µ ƒëau tay vl, b·ª±c m√¨nh!",OFFENSIVE,OFFENSIVE
Ai c√≥ link watch phim 4K kh√¥ng?,CLEAN,CLEAN
"Tui v·ª´a buy RAM, m√°y nhanh h∆°n!",CLEAN,CLEAN
"M√°y n√≥ng nh∆∞ l·ª≠a, cooling ƒë·ªÉu vl!",OFFENSIVE,OFFENSIVE
Ai c√≥ link torrent game m·ªõi kh√¥ng?,CLEAN,CLEAN
"Film n√†y action hay, xem ƒëi nha!",CLEAN,CLEAN
"C√°i case n√†y gi·ªØ nhi·ªát vl, ngu th·∫≠t!",OFFENSIVE,OFFENSIVE
"Film n√†y action hay, xem ƒëi nha!",CLEAN,CLEAN
"Film n√†y plot twist hay, xem ƒëi!",CLEAN,CLEAN
"C√°i tai nghe n√†y fit ngon, sound x·ªãn!",CLEAN,CLEAN
"Shop n√†y sale ƒë·ªì x·ªãn, check th·ª≠ ƒëi!",CLEAN,CLEAN
"Mouse n√†y click ngon, price c≈©ng ·ªïn!",CLEAN,CLEAN
"M√°y n√≥ng b·ªèng tay, d·ªü h∆°i th·∫≠t!",OFFENSIVE,OFFENSIVE
"Tui test webcam, focus ch·∫≠m vl!",OFFENSIVE,OFFENSIVE
Ai c√≥ tool record audio free kh√¥ng?,CLEAN,CLEAN
Ai c√≥ tool record audio free kh√¥ng?,CLEAN,CLEAN
"Film n√†y comedy ƒë·ªânh, xem ƒëi nha!",CLEAN,CLEAN
"M·∫°ng h√¥m nay ch·∫≠m nh∆∞ r√πa, b·ª±c m√¨nh vl!",OFFENSIVE,OFFENSIVE
Ai c√≥ link download phim HD kh√¥ng?,CLEAN,CLEAN
"Game n√†y matchmaking l√¢u vl, ch√°n l·∫Øm!",OFFENSIVE,OFFENSIVE
"Tui c·∫ßn app paint free, g·ª£i √Ω ƒëi!",CLEAN,CLEAN
"C√°i b√†n ph√≠m n√†y g√µ d·ªü vl, b·ª±c m√¨nh!",OFFENSIVE,OFFENSIVE
"Game n√†y event m·ªõi, join ƒëi m·ªçi ng∆∞·ªùi!",CLEAN,CLEAN
"Game n√†y map load l√¢u vl, b·ª±c m√¨nh!",OFFENSIVE,OFFENSIVE
"Tui v·ª´a post clip, like gi√πm tui nha!",CLEAN,CLEAN
"Tui v·ª´a post clip, like gi√πm tui nha!",CLEAN,CLEAN
"C√°i loa n√†y sound nh∆∞ r√°c, b·ª±c vl!",OFFENSIVE,OFFENSIVE
Ai c√≥ link torrent phim m·ªõi kh√¥ng?,CLEAN,CLEAN
"M√°y tui freeze khi ch∆°i, b·ª±c vl!",OFFENSIVE,OFFENSIVE
"Shop n√†y sale ƒë·ªì x·ªãn, check ƒëi!",CLEAN,CLEAN
"Game n√†y co-op fun, r·ªß b·∫°n ch∆°i!",CLEAN,CLEAN
Ai bi·∫øt c√°ch unlock game kh√¥ng?,CLEAN,CLEAN
"Game n√†y co-op fun, r·ªß b·∫°n ch∆°i!",CLEAN,CLEAN
"M√°y tui crash random, ƒëi√™n vl!",OFFENSIVE,OFFENSIVE
"App n√†y giao di·ªán x·∫•u vl, d·ªü h∆°i!",OFFENSIVE,OFFENSIVE
"Tui v·ª´a test app m·ªõi, UI x√†i m∆∞·ª£t th·∫≠t!",CLEAN,CLEAN
C√°i headphone n√†y noise cancel ngon!,CLEAN,CLEAN
"Tui v·ª´a buy RAM, m√°y nhanh h∆°n!",CLEAN,CLEAN
"Ai bi·∫øt c√°ch reset router kh√¥ng, ch·ªâ tui!",CLEAN,CLEAN
"C√°i loa n√†y bass nh∆∞ shit, nghe b·ª±c!",OFFENSIVE,OFFENSIVE
"Tui v·ª´a install game, load l√¢u vl!",OFFENSIVE,OFFENSIVE
"Tui c·∫ßn tool design logo, free th√¨ c√†ng t·ªët!",CLEAN,CLEAN
Ai c√≥ link torrent phim m·ªõi kh√¥ng?,CLEAN,CLEAN
"C·∫ßn app h·ªçc l·∫≠p tr√¨nh free, g·ª£i √Ω!",CLEAN,CLEAN
"Tui order ƒë·ªì, shipping fee ƒë·∫Øt vl!",OFFENSIVE,OFFENSIVE
"M√°y tui render ch·∫≠m vl, mu·ªën ƒë·∫≠p lu√¥n!",OFFENSIVE,OFFENSIVE
"Net r·ªõt gi·ªØa tr·∫≠n, fuck c√°i m·∫°ng n√†y!",OFFENSIVE,OFFENSIVE
"Tui v·ª´a install game, load l√¢u vl!",OFFENSIVE,OFFENSIVE
"C√°i monitor n√†y flicker ho√†i, ch√°n vl!",OFFENSIVE,OFFENSIVE
Ai bi·∫øt c√°ch tweak game n√†y kh√¥ng?,CLEAN,CLEAN
"Film n√†y comedy ƒë·ªânh, xem ƒëi nha!",CLEAN,CLEAN
Ai c√≥ link stream phim m·ªõi kh√¥ng?,CLEAN,CLEAN
"C·∫ßn code PHP, ai share tui v·ªõi!",CLEAN,CLEAN
"Film n√†y twist hay, xem ƒëi kh√¥ng ti·∫øc!",CLEAN,CLEAN
"M√°y render l√¢u vl, ch√°n mu·ªën ch·∫øt!",OFFENSIVE,OFFENSIVE
"Film n√†y soundtrack hay, nghe ph√™!",CLEAN,CLEAN
"Game n√†y mode m·ªõi, th·ª≠ ch∆∞a ai?",CLEAN,CLEAN
"Ai bi·∫øt c√°ch reset modem kh√¥ng, ch·ªâ tui!",CLEAN,CLEAN
"Game n√†y storyline hay, recommend nha!",CLEAN,CLEAN
"Ai bi·∫øt c√°ch boost RAM kh√¥ng, ch·ªâ tui!",CLEAN,CLEAN
"Tui v·ª´a build PC budget, performance ƒë·ªânh l·∫Øm!",CLEAN,CLEAN
"Ai c√≥ link film HD kh√¥ng, share tui v·ªõi!",CLEAN,CLEAN
"C·∫ßn driver m·ªõi, t√¨m ƒë√¢u ra b√¢y gi·ªù?",CLEAN,CLEAN
Ai bi·∫øt c√°ch tweak setting kh√¥ng?,CLEAN,CLEAN
"C·∫ßn script CSS, ai share tui v·ªõi!",CLEAN,CLEAN
"Net h√¥m nay ping cao vl, ch∆°i sao n·ªïi?",OFFENSIVE,OFFENSIVE
"Tui v·ª´a order chu·ªôt, click m∆∞·ª£t l·∫Øm!",CLEAN,CLEAN
"Shop ƒë√≥ ship ƒë√∫ng h·∫πn, ok l·∫Øm!",CLEAN,CLEAN
"Shop ƒë√≥ ship ƒë√∫ng h·∫πn, ok l·∫Øm!",CLEAN,CLEAN
"Game n√†y update m·ªõi, bug √≠t h∆°n r·ªìi!",CLEAN,CLEAN
"Tui m·ªõi ch∆°i game n√†y, kh√≥ vl!",OFFENSIVE,OFFENSIVE
"C√°i chu·ªôt n√†y click t·ªá vl, ch√°n gh√™!",OFFENSIVE,OFFENSIVE
"Net h√¥m nay lag kinh kh·ªßng, fuck lu√¥n!",OFFENSIVE,OFFENSIVE
"Ai bi·∫øt c√°ch reset modem kh√¥ng, ch·ªâ tui!",CLEAN,CLEAN
"C√°i headphone n√†y sound ƒë·ªânh, nh∆∞ng d√¢y ng·∫Øn!",CLEAN,CLEAN
"C√°i app n√†y crash ho√†i, x√†i ch√°n ƒë·ªùi!",OFFENSIVE,OFFENSIVE
"Game n√†y patch m·ªõi, smooth h∆°n!",CLEAN,CLEAN
Ai bi·∫øt c√°ch unlock game kh√¥ng?,CLEAN,CLEAN
"Game n√†y event hot, join ƒëi m·ªçi ng∆∞·ªùi!",CLEAN,CLEAN
"C√°i headphone n√†y sound t·ªá vl, ph√≠ ti·ªÅn!",OFFENSIVE,OFFENSIVE
"Code n√†y run ngon, share source ƒëi b·∫°n!",CLEAN,CLEAN
Ai bi·∫øt c√°ch overclock GPU kh√¥ng?,CLEAN,CLEAN
"C√°i laptop n√†y ch·∫≠m vl, mu·ªën ƒë·∫≠p lu√¥n!",OFFENSIVE,OFFENSIVE
"C·∫ßn tool zip file free, ai c√≥ kh√¥ng?",CLEAN,CLEAN
"C·∫ßn tool extract free, ai c√≥ kh√¥ng?",CLEAN,CLEAN
"C√°i chu·ªôt n√†y scroll lag, shit th·∫≠t!",OFFENSIVE,OFFENSIVE
"M√°y tui drop FPS khi stream, ch√°n vl!",OFFENSIVE,OFFENSIVE
"Film n√†y plot twist hay, xem ƒëi!",CLEAN,CLEAN
"Ai bi·∫øt c√°ch boost CPU kh√¥ng, ch·ªâ tui!",CLEAN,CLEAN
"M√°y tui freeze khi render, b·ª±c vl!",OFFENSIVE,OFFENSIVE
"C·∫ßn plugin SEO free, ai share!",CLEAN,CLEAN
"Game n√†y event m·ªõi, join kh√¥ng m·ªçi ng∆∞·ªùi?",CLEAN,CLEAN
Ai c√≥ tool record screen free kh√¥ng?,CLEAN,CLEAN
"Game n√†y storyline ƒë·ªânh, recommend nha!",CLEAN,CLEAN
"Film n√†y ending ƒë·ªânh, xem ƒëi nha!",CLEAN,CLEAN
"Tui c·∫ßn app to-do free, g·ª£i √Ω nha!",CLEAN,CLEAN
"M·∫°ng h√¥m nay r·ªõt ho√†i, fuck c√°i wifi n√†y!",OFFENSIVE,OFFENSIVE
"Ai ch∆°i map n√†y ch∆∞a, hard vl lu√¥n!",OFFENSIVE,OFFENSIVE
"Update xong m√°y lag kinh d·ªã, ngu vl!",OFFENSIVE,OFFENSIVE
"Game n√†y PvE ƒë·ªânh, ai ch∆°i ch∆∞a?",CLEAN,CLEAN
Ai c√≥ link stream phim m·ªõi kh√¥ng?,CLEAN,CLEAN
"Tui order ƒë·ªì, shipping fee ƒë·∫Øt vl!",OFFENSIVE,OFFENSIVE
"C·∫ßn tool extract free, ai c√≥ kh√¥ng?",CLEAN,CLEAN
"Game n√†y load map l√¢u vl, ch√°n l·∫Øm!",OFFENSIVE,OFFENSIVE
"C√°i earbuds n√†y design ƒë·∫πp, sound ƒë·ªânh!",CLEAN,CLEAN
Ai bi·∫øt c√°ch overclock GPU kh√¥ng?,CLEAN,CLEAN
"Shop n√†y sale ƒë·ªì x·ªãn, check ƒëi!",CLEAN,CLEAN
"Ai bi·∫øt c√°ch tweak RAM kh√¥ng, ch·ªâ tui!",CLEAN,CLEAN
"Tui c·∫ßn tool edit video, recommend c√°i n√†o ƒëi!",CLEAN,CLEAN
"Tui order ƒë·ªì, shipping fee ƒë·∫Øt vl!",OFFENSIVE,OFFENSIVE
"Tui v·ª´a buy SSD, t·ªëc ƒë·ªô nhanh vl!",CLEAN,CLEAN
"C·∫ßn plugin free cho website, ai bi·∫øt kh√¥ng?",CLEAN,CLEAN
"C·∫ßn app h·ªçc code free, recommend!",CLEAN,CLEAN
"Tui c·∫ßn app note free, suggest c√°i n√†o ƒëi!",CLEAN,CLEAN
"Game n√†y glitch nhi·ªÅu, ch∆°i ph√°t b·ª±c!",OFFENSIVE,OFFENSIVE
"C√°i b√†n ph√≠m n√†y g√µ lag, shit th·∫≠t!",OFFENSIVE,OFFENSIVE
"Game n√†y plot hay, ch∆°i ƒëi nha!",CLEAN,CLEAN
"C·∫ßn plugin SEO free, ai share!",CLEAN,CLEAN
"C√°i webcam n√†y focus ch·∫≠m vl, ch√°n gh√™!",OFFENSIVE,OFFENSIVE
"Tui v·ª´a buy SSD, t·ªëc ƒë·ªô nhanh vl!",CLEAN,CLEAN
M·ªõi ƒë∆∞·ª£c m·∫•y c√¢u ƒë√£ ch·ª•p m≈© red bull,HATE,HATE
"th·ª±c ra anti v·ªÅ m·∫∑t vƒÉn ho√° l√† ch√≠nh ch·ª© ko ph·∫£i ƒë·ªãa l√Ω, m√¨nh c√≥ ch∆°i v·ªõi nhi·ªÅu b·∫°n ng∆∞·ªùi b·∫Øc tr·∫ª tr·∫ª ƒëa s·ªë c≈©ng d·ªÖ th∆∞∆°ng ƒë√†ng ho√†ng, b·∫Øc k·ª≥ h√£m nh·∫•t ch·∫Øc l√† l·ª©a u30 ƒë·∫øn u50, th·∫ø h·ªá m√† v·ª´a ƒë·ªïi m·ªõi, l·ªõn l√™n v·ªõi s·ª± l∆∞∆°n l·∫πo ch·ª•p gi·ª±t, sinh ra c√°i t√≠nh th√≠ch l·∫•n l∆∞·ªõt ng∆∞·ªùi kh√°c b·∫±ng chi√™u tr√≤ ch·ª© ko ph·∫£i nƒÉng l·ª±c, th√≠ch sƒ© di·ªán h√£m bla bla",HATE,HATE
"Fax: eo gi bi ti c·∫ßn ng∆∞·ªùi b√¨nh th∆∞·ªùng, ng∆∞·ªùi ko t√¢m th·∫ßn ƒë·ªÉ duy tr√¨ n√≤i gi·ªëng, n·∫øu kill all ch·ª´a l·∫°i m·ªói eo gi bi ti th√¨ r·ªìi m·ªôt ng√†y cno m·ªôt l√† quay v·ªÅ l√†m ng∆∞·ªùi b√¨nh th∆∞·ªùng ho·∫∑c cno t·ª± ch·∫øt tr√™n gi·∫•c m∆° h√£o c·ªßa ch√≠nh m√¨nh",HATE,HATE
M·ªìm ch·ª≠i LGBT tay th√¨ x√†i s·∫£n ph·∫©m c·ªßa khoa h·ªçc m√°y t√≠nh do Alan Turing l√† cha ƒë·∫ª. ƒê√∫ng ƒë√°m lesor.,HATE,HATE
"C·ªông s·∫£n ch·ªâ t·ªìn t·∫°i th·ªùi nguy√™n thu·ª∑. Khi ai c≈©ng nh∆∞ ai, tay l√†m h√†m nhai, tay ƒë√©o l√†m th√¨ ƒÉn c·ª©t, ƒÉn ƒë·∫ßu cu. Khi con ng∆∞·ªùi ph√°t tri·ªÉn x√£ h·ªôi, t√≠ch lu·ªπ t√†i s·∫£n, th√¨ c√°i th·∫ø gi·ªõi c·ªông s·∫£n n√≥ l√† chuy·ªán ru ng·ªß ƒë√°m em nh·ªè th∆°. M√† n√≥i cho ƒë√∫ng, Marx l√†m g√¨ c√≥ s·ª± nguy√™n b·∫£n, c√°i ch·ªß nghƒ©a c·ªông s·∫£n c·ªßa h·∫Øn, m·ªôt th·ª© Utopia, th·ª© th·∫ø gi·ªõi ƒë·∫°i ƒë·ªìng l√†m g√¨ t·ªìn t·∫°i, c√≥p nh·∫∑t t·ª´ Utopia c·ªßa m·ªôt √¥ng th·∫ßy tu.

N√≥i l√†m v√¨ ƒëam m√™ l√† sai ho√†n to√†n, x√£ h·ªôi c√†ng ph√°t tri·ªÉn th√¨ c√†ng ph√¢n ho√°. Marx, m·ªôt tay nghi·ªán thu·ªëc phi·ªán, l·∫°i cho r·∫±ng co ng∆∞·ªùi quay l·∫°i kinh t·∫ø trao ƒë·ªïi? Sau bao nhi√™u ƒë·ªãnh ch·∫ø ph√°t minh ra ƒë·ªÉ ƒë·∫©y m·∫°nh kinh t·∫ø ti√™u th·ª•? Marx ch·ªâ nghƒ© t·ªõi kinh t·∫ø t·ª± t√∫c, Autarky, nh∆∞ m·ªôt th·∫±ng m·ªçi B·∫Øc Tri·ªÅu Ti√™n ·ªëm nhom v√† b·ª•ng ph√¨nh v√¨ ƒë·∫ßy s√°n, ch·ªâ l√†m v√† ca ng·ª£i l√£nh t·ª• b√©o nh∆∞ m·ªôt con heo, hay m·ªôt th·∫±ng Mobik ch·∫øt r√©t trong chi·∫øn h√†o, mi·ªáng h√¥: Ch·ªß nghƒ©a x√£ h·ªôi mu√¥n nƒÉm, trong khi b·ª•ng n√≥ v√† ƒë√†n con ƒë√≥i meo, c√≤n ƒë√°m Nomenklature th√¨ tha h·ªì ƒÉn tr√™n x∆∞∆°ng m√°u nh·ªØng con ng∆∞·ªùi l√†m n√¥ng v√¨ ƒëam m√™ ·∫•y. N√≥i c√°ch kh√°c, n√≥ ru ng·ªß, n√≥ l√† li·ªÅu thu·ªëc phi·ªán tr·ªôn methamphetamine c·ª±c n·∫∑ng, n√≥ khi·∫øn cho con ng∆∞·ªùi ta t·ª± m·ªã m√¨nh l√† m√¨nh ƒëam m√™ v·ªõi m·ªôt c√°i b·ª•ng r·ªóng, l√† hoang t∆∞·ªüng ng∆∞·ªùi ngh·ªá sƒ© v·ªã ngh·ªá thu·∫≠t.",HATE,HATE
"L√† m·ªôt th·∫±ng B·∫Øc K·ª≥ sinh ra ·ªü trong Nam

√ù ki·∫øn c·ªßa t, g√≥p √Ω ƒë√©o nghe th√¨ ƒë√≥ g·ªçi l√† gia tr∆∞·ªüng, th·∫ø th√¥i, vƒÉn v·∫ª l√†m ƒë√©o  g√¨, 90% trai b·∫Øc gia tr∆∞·ªüng m·∫π r, t c≈©ng th·∫ø, qua m·∫•y con b·ªì r·ªìi m·ªõi ƒë·ª° ƒëc ch√∫t. fuck

Ph√¢n t√≠ch m·ªôt ch√∫t v·ªÅ gia tr∆∞·ªüng: 2 chi·ªÅu, ƒëa ph·∫ßn ƒë√†n √¥ng c√≥ t√≠ gia tr∆∞·ªüng th√¨ d·ªÖ g√¢y d·ª±ng th·ª© l·ªõn lao h∆°n l√† ƒë√†n √¥ng √≠t ch√≠nh ki·∫øn. Nh∆∞ng gia tr∆∞·ªüng qu√° th√¨ kh√≥ m√† y√™u.",HATE,HATE
Sao c√≥ m·∫•y th·∫±ng l·ªìn t·ª´ ƒë√¢u v√¥ duy√™n downvote trong khi tao ch·ªâ n√≥i v·ªõi m√†y cho vui th√¥i. ƒê√©o bi·∫øt c√≥ ph·∫£i l≈© b·∫Øc k·ª≥ ng·ª©a h√°ng kh√¥ng n·ªØa.,HATE,HATE
"Uhm th√¨ d·ªã ƒë√≥. Th·∫±ng OP N√ÄY N√ì QUI CH·ª§P! N√äN G√ÇY xung ƒë·ªôt. N√≥ th√≠ch g√°n gh√©p ƒë·ªôc t√†i!! Nh∆∞ ki·ªÉu. ƒê√†n b√† ƒëi b∆°m d√∫ l√† b·ªçn n√≥ b·∫£o ƒëi l√†m ƒëƒ©... ƒë√†n b√† ƒÉn m·∫∑c h·ªü hang sexy th√¨ b·ªçn n√≥ b·∫£o l√†m g√°i. L√†m ƒëƒ©!!!..

Trong khi b·ªçn n√≥ nh√¨n th·∫•y ƒë√†n b√† ƒë·ªÉ l·ªô d√∫ hay d√∫ to l√† th√®m ch·∫£y gi√£y nh∆∞ ch√≥!!!!!.. ..

B·ªçn n√†y n√≥ c·ª© th√≠ch g√°n gh√©p H√ÄNH ƒê·ªòNG chung v√¥ trend T√çNH D·ª§C r·ªìi ch·ª≠i.. trong KHI xu h∆∞·ªõng T√çNH D·ª§C ch·∫£ li√™n quan con m·∫π g√¨ H√ÄNH ƒê·ªòNG H·∫æT!.",HATE,HATE
VƒÉn phong nh∆∞ c·∫∑c m·∫•y thag thag n√†o t c≈©ng trog sub n√†y. B·ªè c√°i x√†m ng√¥n t·ª± nh·ª•c ·∫•y ƒëi. S·ªëng ·ªü ƒë·ªùi ƒë√©o ai t·ª± mu·ªën nh·ª•c c·∫£ nh√© quy ch·ª•p ki·ªÉu xl t gh√©t hi·ªÉu ch∆∞a con b√≤ kia ,HATE,HATE
M d√¢n gay √†,HATE,HATE
"·ªí h√≥a ra nam k·ª≥ = t·∫°p ch·ªßng. Kh√¥ng sao No problem, t·∫°p ch·ªßng c√≥ t·ª± h√†o c·ªßa t·∫°p ch·ªßng",HATE,HATE
Nationalism l√† t√™n g·ªçi chung c·ªßa nh·ªØng th√†nh ph·∫ßn y√™u n∆∞·ªõc th√°i qu√°.,HATE,HATE
"Tao b·∫£o trong m·∫•y c√°i comment kh√°c r·ªìi, t r·∫•t th√≠ch xem c√°c lo·∫°i b√≤ h√∫c nhau. T c∆° b·∫£n c≈©ng kh√¥ng kh√°c b√≤ v√†ng ƒë·ªè l√† m·∫•y, n√™n l√† c≈©ng th√≠ch ƒëi xem c√°i ngu c·ªßa b·ªçn n√†y ƒë·ªÉ th·∫©m du tinh th·∫ßn. V√¨ th·∫ø n√™n t hi·∫øm khi comment/thi tho·∫£ng tearsing ƒë√°m n√†y th√¥i. ƒê∆∞·ª£c c√≥ h√¥m ""critical thinking"" 1 c√°i nh∆∞ ƒë√°m kia kh√°u v·ªõi nhau m√† ƒë√¥ng d·ªü h∆°i v√†o t√°p qu√° n√™n ng·ªìi ƒë√¢y reply gi·∫øt th·ªùi gian ch·ªõ",HATE,HATE
"Opinion c·ªßa m√†y l√≤ng v√≤ng nh∆∞ c√°i lol th·∫ø nh·ªâ, c√πng phe l√† c√πng phe th·∫ø ƒë√©o n√†o ? Tao gh√©t b·ªçn LGBT, c√≤n m√†y b·∫£o tao ƒë·ª´ng gh√©t th·∫ø th√¨ c√πng phe ch·ªó n√†o v·∫≠y th·∫±ng l·ªìn, m√† m√†y n√£o √∫ng √†, l·∫≠p lu·∫≠n con c·∫∑c g√¨ l·∫Øm v·∫≠y, ƒëi·ªÅu tao mu·ªën n√≥i ban ƒë·∫ßu ƒë√£ r√µ l√† tao kh√¥ng th√≠ch LGBT ch·ªâ ƒë∆°n gi·∫£n v·∫≠y th√¥i, ƒë√≥ l√† quan ƒëi·ªÉm c·ªßa b·∫£n th√¢n tao m√† m√†y d√†i d√≤ng con m·∫π g√¨ l·∫Øm v·∫≠y",HATE,HATE
M√†y l√† m·ªôt th·∫±ng ch·ªëng C·ªông cho s∆∞·ªõng mi·ªáng! Ch·ª© c·ªëng hi·∫øn m·∫π g√¨! Son of a bitch,HATE,HATE
"Mi·ªÅn Nam v·∫´n s·∫Ω c√≤n tinh hoa n·∫øu ch√°u con ch·ªãu n√≥i v√† h·ªçc h·ªèi ti·∫øng Nam thay v√¨ l√™n m·∫°ng ƒëu trend m·∫•y √¥ ng b·∫Øn m√† n√≥i ti·∫øng b·∫Øc theo. Tinh hoa mi·ªÅn nam b·ªã ƒÉn m√≤n nhi·ªÅu h∆°n b·∫Øc v√¨ c√°c lo·∫°i s√°ch, t·∫°p ch√≠,... l∆∞u h√†nh hi·ªán nay ƒë·ªÅu vi·∫øt theo chu·∫©n ng√¥n ng·ªØ mi·ªÅn b·∫Øc. N√™n tinh hoa mi·ªÅn nam ƒëang b·ªã ƒÉn m√≤n g·∫ßn h·∫øt! Ph·∫£i ns thi·ªát ch·ª© ƒëi ƒë√¢u cx g·∫∑p ng b·∫Øc, l√¢u l√¢u ns l·ªôn qua ng√¥n ng·ªØ mi·ªÅn b·∫Øc k ch·ª´ng:))",HATE,HATE
V·∫≠y l√† g√°i vi·ªát sau m·∫•y nƒÉm gi·∫£i ph√≥ng l·∫°i ƒëi l√†m bitch cho t∆∞ b·∫£n h·∫£v,HATE,HATE
"K·ªá n√≥ ƒëi th·∫±ng lo√®n n√†y n√£y gi·ªù d√πng chung m·ªôt l·∫≠p lu·∫≠n cho ch·ª•c c√°i comment r·ªìi nh√¨n h·ªÅ v·ªõi thi·∫øu n√£o vl. Ch·ªØ ghi to l·∫Øm v√¥ r·ªët cu·ªôc n·ªôi dung l√† n√≥ l√† th·∫≥ng nh∆∞ng n√≥ ƒë√©o th√≠ch anti lgbt th·∫ø th√¥i m√† n√≥ ghi nh∆∞ h·∫•p h·ªëi ·∫•y, ƒë·∫øch ch·ª´a ph·∫ßn ch·ªØ cho ai lu√¥n.",HATE,HATE
"Look, m·∫•y con m·ªçi khmer namkey",HATE,HATE
ƒê√£ t·ªõi Cnxh r·ªìi m√† m√†y kh√¥ng bi·∫øt h·∫£? C·∫£ n∆∞·ªõc go underground nh√°!,HATE,HATE
Th·∫•y m√†y c√≥ ch·ª≠i C·ªông S·∫£n bao gi·ªù ƒë√¢u? X·∫°o l·ªìn √†. To√†n th·∫•y ƒë√≤i ƒë·ª• v·ªõi lick ƒë√≠t g√°i.,HATE,HATE
Ch√∫ng m√†y th√¨ c·ª© ai tr√°i √Ω l√† auto b√≤ ƒë·ªè. Ngu v√£i l·ªìn. Ki·ªÉu n√†y t·ª•i b√≤ ƒë·ªè y√™n t√¢m v√£i l·ªìn v√¨ ch√∫ng m√†y lesor t·ª´ ngo√†i ƒë·ªùi l√™n tr√™n m·∫°ng.,HATE,HATE
"V√£i l·ªìn :))))) nh√† n∆∞·ªõc cho l∆∞∆°ng >11 c·ªß m·ªõi ph·∫£i ƒë√≥ng tax, ƒë·∫•y l√† ch∆∞a tr·ª´ ti·ªÅn mi·ªÖn tax theo ng∆∞·ªùi c·∫ßn chƒÉm s√≥c, thu·∫ø VN l√† nh·∫π v√£i l·ªìn lu√¥n, ch∆∞a k·ªÉ cty t∆∞ l√°ch tax d·ªÖ g·∫ßn nh·∫•t m·∫π th·∫ø gi·ªõi. M ko ƒë√≥ng tax ch√∫ng n√≥ l·∫°i s·ª£ m qu√°",HATE,HATE
B√≤ ƒë·ªè c√≥ th·ªÉ l√† ngu th·∫≠t nh∆∞ng b·ªçn trong n√†y nh∆∞ ki·ªÉu v√¥ cmn v·ªçng lu√¥n r ·∫•y =))) b·ªçn n√≥ c·ª© l·∫£m nh·∫£m v·ªÅ critical thinking trong khi ngay th·∫±ng ·ªü tr√™n c√≤n h√¥ h√†o ƒëi gi·∫øt con nh√† ngta n·∫øu ko s·∫Ω b·ªã bi·∫øn th√†nh b√≤ ƒë·ªè tr√¨nh cs t·∫©y n√£o c≈©ng ƒë b·∫±ng 1 g√≥c b·ªçn n√†y t·ª± huy·ªÖn v·ªõi c·∫£ nhau =))),HATE,HATE
"Nam KyÃÄ coÃÅ ng∆∞∆°ÃÄi stupid nh∆∞ng ng∆∞∆°ÃÄi ngu Nam KyÃÄ kh√¥ng c√¢ÃÄm quy√™ÃÄn nh∆∞ ng∆∞∆°ÃÄi BƒÉÃÅc KyÃÄ,",HATE,HATE
"M√†y b·∫ßu th·∫±ng ƒë·ª©ng ƒë·∫ßu ng√†nh gi√°o d·ª•c √†?? M√†y vote n√≥ ƒë∆∞·ª£c kh√¥ng?? Gi√°o d·ª•c n√°t th√¨ do th·∫±ng ƒë·ª©ng ƒë·∫ßu.. V·∫≠y th·∫±ng ƒë√≥ t·ª± d∆∞ng chui l√™n √†?? N√≥i chuy·ªán nh∆∞ m·ªôt ƒë·ª©a tr·∫ª kh√¥ng bi·∫øt g√¨ ƒë·ªùi v·∫≠y?? T√†u kh·ª±a n√≥ ph√°t tri·ªÉn, c·ªëng hi·∫øn, ph√°t minh cho n·ªÅn KHKT nh∆∞ n√†o r·ªìi m√†y??? Copy Left √†?? ƒê·∫•y l√† m√†y nghƒ© ph√°t tri·ªÉn v·ªÅ KHKT √†??.. Ph·ª•c v·ª• cho m·ª•c ƒë√≠ch g√¨??.. B·ªçn nh∆∞ m√†y v√† th·∫±ng tr√™n kia x·ª©ng ƒë√°ng b·ªã ch·ª≠i.. V√¨ ch√∫ng m√†y l·∫°i l√Ω lu·∫≠n ngu·ªµ bi·ªán ƒë·ªÉ ru ng·ªß ng∆∞·ªùi kh√°c... ƒÇn ch·ª≠i l√† ƒë√∫ng r·ªìi c√≤n k√™u ca g√¨..",HATE,HATE
"N√≥i ""Tankie"" l√† t·ª± kh·∫Øc ch√∫ng n√≥ hi·ªÉu",HATE,HATE
"b·ªë th·∫±ng ba ke ngu l·ªìn, ·ªü tr√™n th√¨ k√™u ·ªü sg 30 nƒÉm ch∆∞a nghe bake b·ªã ƒë·∫≠p, tao ƒë∆∞a ngay c√°i tin bake b·ªã xi√™n v√¨ x·∫°o l·ªìn, ·ªü d∆∞·ªõi th√¨ l·∫•p li·∫øm b·ªüi tao n√≥i b·ªçn bake ch√∫ng m√†y b·ªã ngu l·ªìn m√†, c√≤n tao ch·ª≠i m·∫•y th·∫±ng bake v√¥ √Ω th·ª©c ch√∫ng m√†y ·ªü ngo√†i c·∫£ ƒë·ªëng, c√≤n m·∫•y ng b·∫Øc s·ªëng bt tao ki·∫øm chuy·ªán l√†m g√¨ c√≤n ngo√†i ƒë·ªùi tao l√†m remote cho b·ªçn t∆∞ b·∫£n, cho vay g√≥p ·ªü t√¢n ph√∫-q11 v·ªõi ghi l√¥ , n√™n m√†y kh·ªèi d·∫°y ƒë·ªùi tao r√∫t tay ra kh·ªèi qu·∫ßn nh√©",HATE,HATE
"T√¥ L√¢m ƒë√∫ng ngu, gi√°o d·ª•c n∆∞·ªõc  n√†o c≈©ng ƒÉn ch·ª≠i nh∆∞ nhau m√† l·∫°i cho con m√¨nh ƒëi  n·ª≠a v√≤ng qu·∫£ ƒë·∫•t sang Anh h·ªçc",HATE,HATE
"Tuy·∫øn ƒë·∫ßu con c·∫∑c, vaccine √¥ng ngo·∫°i l√† ai ch√≠ch h·∫£ b·∫Øc k√¨ ch√≥, vaccine Pfizer b√™n n√†o dc nhi·ªÅu h∆°n v b·∫Øc k√¨ ch√≥",HATE,HATE
"vcl t√¥i h·ªçc campus hn v√† b·ªçn hn h·ªçc nh∆∞ ƒë c√≤n ng√†y mai n·∫øu n√≥ ƒë ƒÉn ƒëc con HD+ √¥ng √†, b√¢y gi·ªù d√≠nh bell curve n·ªØa th√¨ ch·∫øt m·∫π m·∫•y thg l∆∞·ªùi h·ªçc nh∆∞ t√¥i lu√¥n",HATE,HATE
"nh·ªù c√≥ thk "" L·ªôn ƒë·ªì"" n√™n t ms l√™n ƒë√¢y , nhma ƒë√©o th√®m tham gia r/place lm con c·∫∑c g√¨ , nh√¨n kh√°c m·∫π j tranh tuy√™n truy·ªÅn c·ªông s·∫ªn",HATE,HATE
"ƒê√°m woke n√†y sang m·∫•y n∆∞·ªõc c·ªông s·∫£n, h·ªìi gi√°o , th√¢n Nga l√† b·ªã qu·∫•t ngay. ·ªû ƒë√≥ ng∆∞·ªùi ta b·∫≠n survive ƒë√©o r·∫£nh h√°ng  ƒë√¢u care ba c√°i da ƒëen, b√™ ƒë√™ , n·ªØ quy·ªÅn c√°c th·ª©",HATE,HATE
"Pussy ƒë√£ thi·∫øu, nhi·ªÅu lgtv t·∫°o ra nhi·ªÅu incel ko gi√°m tƒÉng d√¢n s·ªë",HATE,HATE
"Mƒ© ƒë·∫Ωo n√∫i l√†m t∆∞·ª£ng hay l·∫•y t√™n t·ªïng th·ªëng l√†m t√™n 1 bang l·ªõn th√¨ ƒë√©o th·∫•y c√°c anh l√¥i ra tr√¨nh b√†y v·ªõi soi m√≥i b√≥c ph·ªët, c·ª© c√°i ƒë√©o g√¨ Vi·ªát Nam l√†m c≈©ng ph·∫£i nh√©t b·∫±ng ƒëc c√°i ch·ªØ C·ªông S·∫£n v√†o ƒë·ªÉ ch·ª≠i. Th·∫ø b√¢y gi·ªù d√πng ch√≠nh c√°i vƒÉn r·ªì T√¢y r·ªì T∆∞ b·∫£n c·ªßa ch·ªß tus ra ch·ª≠i m·∫•y th·∫±ng t√¢y l√¥ng in m·∫∑t t·ªïng th·ªëng l√™n ƒë√¥ hay ƒë·∫Ωo n√∫i l√†m t∆∞·ª£ng ch·∫Øc c≈©ng ƒë·ªÉ brainwash nh√¢n d√¢n ch√∫ng n√≥ ƒë·∫•y.",HATE,HATE
"M·∫•y c√°i woke n√†y ch·∫≥ng qua l√† m·ªôt lo·∫°i h√¨nh th·ª©c ƒë·ªãnh h∆∞·ªõng x√£ h·ªôi c·ªßa b·ªçn t·∫ßng l·ªõp th·ªëng tr·ªã. Ai tr·∫£ ti·ªÅn cho b·ªçn ƒÉn kh√¥ng ng·ªìi r·ªìi n√†y l√†m ph√° n√°t x√£ h·ªôi? B·ªçn t√†i phi·ªát ·ªü Mƒ©, b·ªçn t√†i phi·ªát T√†u li√™n k·∫øt v·ªõi b·ªçn t√†i phi·ªát Mƒ©. ch√∫ng n√≥ ch·∫≥ng qua l√† m·ªôt trong nh·ªØng c√¥ng c·ª• tuy√™n truy·ªÅn ƒë·ªÉ ch·ªânh x√£ h·ªôi ƒëi theo h∆∞·ªõng c√≥ l·ª£i cho b·ªçn n√†y nh·∫•t.

C√°c nh√† n∆∞·ªõc C·ªông S·∫£n nh∆∞ Vi·ªát Nam th√¨ ƒë√©o c·∫ßn lo·∫°i woke n√†y, ch√∫ng n√≥ c√≥ m·ªôt t·∫ßng l·ªõp t∆∞∆°ng t·ª± v√† trung th√†nh h∆°n ƒë∆∞·ª£c x√¢y d·ª±ng m·∫•y ch·ª•c nƒÉm ch√≠nh l√† b√≤ ƒë·ªè. Ngo√†i ra b·ªçn woke n√†y t∆∞ t∆∞·ªüng c·ªßa ch√∫ng n√≥ ch·∫≥ng qua l√† m·ªôt lo·∫°i t√¥n gi√°o kh√°c trung th√†nh v·ªõi b·ªçn t√†i phi·ªát tr·∫£ ti·ªÅn cho ch√∫ng n√≥ ·ªü Mƒ© trong khi ·ªü vi·ªát nam ƒë·∫£ng CS l√† t√¥n gi√°o tuy·ªát ƒë·ªëi n√™n ch√∫ng n√≥ b·ªã gh√©t l√† ph·∫£i.",HATE,HATE
"Hihihi b·∫°n n√≥i nh∆∞ shit, con v·∫πt tuy√™n gi√°o ch·ªâ ƒë·∫øn th·∫ø",HATE,HATE
C√°i sub voz ƒë·∫•y to√†n m·∫•y th·∫±ng th·∫£o mai t·ª± suck v·ªõi nhau. M·∫•y thg l to√†n cap m√†n h√¨nh sang ƒë·∫•y s·ª•c v·ªõi nhau ·∫° b·ª±a v√£i d√°i,HATE,HATE
"ti·∫øng anh m√†y th√¨ gi·ªèi qu√°, ""real ideals"" l√† c√°i ƒë√©o g√¨? btw b√≤ ƒë·ªè l√† extreme nationalists c√≤n c√°i kia l√† hardcore ho·∫∑c hard-core ch·ª© ƒë√©o ph·∫£i hard core",HATE,HATE
"N√≥ s·ª£ b·ªã nh∆∞ th·∫±ng Ph√°p h·ªìi 2015 ·∫•y, l·ªë nh·ªë v·ªõi m·∫•y anh ƒÉn snackbar th·ªù Allah l√† l√™n b√†n th·ªù li·ªÅn :))))

M·∫π v·ª• c√°i t√≤a b√°o ·ªü Ph√°p ƒÉn bom v√¨ v·∫Ω ·∫£nh ch√¢m bi·∫øm ng∆∞·ªùi h·ªìi gi√°o v√£i l th·∫≠t, bi th√¨ bi th·∫≠t nh∆∞ng h√†i vcl :)))",HATE,HATE
√Ä th·∫ø neutral √† l·ªìn wjbu. V·∫≠y ki·∫øm m·∫•y con b√≤ ƒë·ªè kh√°c ch·ªçc,HATE,HATE
"√ù ki·∫øn c√° nh√¢n c≈©ng nh∆∞ b·ªô ph·∫≠n sinh d·ª•c v·∫≠y, ai c≈©ng c√≥ 1 c√°i nh∆∞ng t·ªët nh·∫•t l√† ƒë·ª´ng show ra public cho m·ªçi ng∆∞·ªùi c√πng xem.

M·ªü ƒë·∫ßu b√†i b·∫±ng 1 c√¢u ""M√¨nh k k·ª≥ th·ªã g√¨ t√¥n gi√°o"", nh∆∞ng nh·ªØng c√¢u ti·∫øp theo th√¨ c√¥ng k√≠ch li√™n t·ª•c v√†o t√¥n gi√°o =)) typical snowflake

L·∫°i c√≤n ƒëem c·∫£ hollywood v√†o ƒë·ªÉ l√†m ngu·ªìn th√¨ t√¥i ch·ªãu r·ªìi ƒë·∫•y. T·∫•t c·∫£ nh·ªØng g√¨ b·∫°n th·∫•y ƒë·ªÅu l√† th√¥ng qua con m·∫Øt c·ªßa b·∫°n, th·∫ø s·ªë li·ªáu th·ªëng k√™ ƒë√¢u?",HATE,HATE
ü§® n√≥i ch·ª© tui r·ª©t mong c√≥ c√°i post v·ªÅ Nam K·ª≥ Ch√≥ lu√¥n cho n√≥ c√¥ng b√¨nh. V√¨ tui th·∫•y d√¢n VN r·∫•t nhi·ªÅu th·∫±ng ch√≥ ch·∫øt m·∫π.,HATE,HATE
"M·∫∑c d√π t ch·ªâ bi·∫øt t·ªõi sub n√†y v√†i tu·∫ßn tr∆∞·ªõc nh∆∞ng dm c·ª© v√†i ng√†y l√† th·∫•y 1 b√†i ""VN s·∫Øp t√†n""

Dm t·ª•i b√¢y ƒë√©o c√≤n c√°i cc g√¨ ƒë·ªÉ n√≥i √† ?? Ch·∫Øc c√°i ""VN s·∫Øp t√†n"" dc post t·ª´ ng√†y c√°i sub n√†y dc m·ªü pk ??

Dm ƒë·ª´ng c√≥ ƒë·ªÉ nh∆∞ m·∫•y th·∫±ng ·ªü M·ªπ mi·ªáng b√¥ b√¥ ""CS s·∫Øp t√†n"" nh∆∞ng ƒëem ti·ªÅn v·ªÅ VN ch∆°i g√°i, dm ƒë·∫øn l≈© tr·∫ª ·ªü M·ªπ c√≤n khinh n·ªØa",HATE,HATE
T·ª´ h·ªìi t ch∆°i game m·ªõi bi·∫øt ng∆∞·ªùi mi·ªÅn nam gh√©t ng∆∞·ªùi b·∫Øc v·∫≠y. mi·ªÅn nam l√† ng∆∞·ªùi kinh th√¨ c≈©ng l√† g·ªëc g√°c ·ªü mi·ªÅn b·∫Øc c·∫£. ƒë√©o bi·∫øt nh·ªõ v·ªÅ c·ªôi ngu·ªìn th√¨ th√¥i c·ª© ƒëi k√¨ th·ªã g·ªëc g√°c c·ªßa mk,HATE,HATE
M√†y n√≥i hay qu√° th·∫±ng Cam P·ªët ƒë√≥ c√¢m m·∫π r·ªìi. C√°i sub n√†y ri·∫øt h·ªìi to√†n t·ª•i 3Que cay d√°i :)))),HATE,HATE
"Nh√† n∆∞·ªõc wc, nhu nh∆∞·ª£c , ƒÉn hi·∫øp d√¢n l√† gi·ªèi bad bad",HATE,HATE
"Uh ƒë·ªãt m·∫π, tao c≈©ng ƒë√©o c·∫ßn n√≥i nhi·ªÅu n·ªØa. R√µ r√†ng l√† th·∫±ng b√™ ƒë√™ c·ªë t√¨nh l√™n social media gi·∫£ nai d·ª• trai ƒë·ª• b√≤ :)))))) M√†y ƒë√∫ng l√† C·ª®T!",HATE,HATE
"Tao predict chu·∫©n vl, v√†o profile ƒë√∫ng con b√≤ ƒë·ªè wibu",HATE,HATE
"Kh√¥ng t·ª± xem l·∫°i m√¨nh ngu c√≤n y·∫øu k√©m th√¨ th√¥i l·∫°i c√≤n ƒëi blame, r∆∞·ªõc M·ªπ v√†o ph·ª• thu·ªôc kinh t·∫ø v√†o n√≥ ƒë·∫øn l√∫c n√≥ b·ªè cho m·∫•t n∆∞·ªõc th√¨ g√†o kh√≥c ch·ª≠i Di·ªám",HATE,HATE
"Game n√†y ch∆°i m∆∞·ª£t l·∫Øm, th√≠ch gh√™!",CLEAN,CLEAN
"C√°i √°o n√†y ƒë·∫πp qu√°, mua li·ªÅn!",CLEAN,CLEAN
"H√¥m nay tr·ªùi m√°t, ƒëi ch∆°i s∆∞·ªõng vl!",CLEAN,CLEAN
"Film m·ªõi hay qu√°, recommend nha!",CLEAN,CLEAN
ƒê·ªì ƒÉn ·ªü qu√°n n√†y ngon tuy·ªát v·ªùi!,CLEAN,CLEAN
"M√°y m·ªõi x√†i ·ªïn, pin tr√¢u l·∫Øm!",CLEAN,CLEAN
"Coi live stream vui vl, chill gh√™!",CLEAN,CLEAN
Nh·∫°c n√†y nghe relax l·∫Øm lu√¥n!,CLEAN,CLEAN
"C√°i app n√†y x√†i ti·ªán, th√≠ch th·∫≠t!",CLEAN,CLEAN
"ƒê∆∞·ªùng h√¥m nay v·∫Øng, ƒëi s∆∞·ªõng l·∫Øm!",CLEAN,CLEAN
"Team n√†y ch∆°i hay, pro vl!",CLEAN,OFFENSIVE
"M√≥n n√†y d·ªÖ n·∫•u, ngon n·ªØa ch·ª©!",CLEAN,CLEAN
"Coi clip n√†y c∆∞·ªùi x·ªâu lu√¥n, h√†i vl!",CLEAN,OFFENSIVE
ƒêi·ªán tho·∫°i m·ªõi ch·ª•p ·∫£nh ƒë·∫πp kinh!,CLEAN,CLEAN
Game n√†y free m√† ch·∫•t l∆∞·ª£ng ƒë·ªânh!,CLEAN,CLEAN
"H√¥m nay mood t·ªët, chill c·∫£ ng√†y!",CLEAN,CLEAN
"Shop n√†y ship nhanh, ∆∞ng l·∫Øm!",CLEAN,CLEAN
"C√°i b√†n n√†y x√†i b·ªÅn, th√≠ch vl!",CLEAN,OFFENSIVE
"Tr·ªùi h√¥m nay ƒë·∫πp, ƒëi ch·ª•p ·∫£nh vui!",CLEAN,CLEAN
"M√°y l·∫°nh m·ªõi m√°t vl, s∆∞·ªõng th·∫≠t!",CLEAN,CLEAN
"Coi tr·∫≠n n√†y hype vl, ƒë·ªôi ƒë·ªânh!",CLEAN,OFFENSIVE
"ƒê·ªì ch∆°i n√†y x√†i vui, ƒë√°ng ti·ªÅn!",CLEAN,CLEAN
C√°i tai nghe n√†y √¢m thanh ƒë·ªânh cao!,CLEAN,OFFENSIVE
"Game m·ªõi ra event hay, ch∆°i m√™!",CLEAN,CLEAN
"Qu√°n cafe n√†y vibe chill, th√≠ch!",CLEAN,CLEAN
"Coi video n√†y h·ªçc ƒë∆∞·ª£c nhi·ªÅu, hay!",CLEAN,CLEAN
"ƒê∆∞·ªùng n√†y ch·∫°y xe s∆∞·ªõng, tho√°ng!",CLEAN,CLEAN
"M√°y ·∫£nh m·ªõi zoom ƒë·ªânh, th√≠ch l·∫Øm!",CLEAN,CLEAN
"C√°i v√≠ n√†y ƒë·∫πp, x√†i ti·ªán vl!",CLEAN,CLEAN
"Team b·∫°n ch∆°i fair, vui gh√™!",CLEAN,CLEAN
"H√¥m nay ng·ªß ngon, mood t·ªët vl!",CLEAN,CLEAN
"Coi phim n√†y c·∫£m x√∫c l·∫Øm, hay!",CLEAN,CLEAN
"Shop n√†y sale nhi·ªÅu, th√≠ch gh√™!",CLEAN,CLEAN
"C√°i gh·∫ø n√†y ng·ªìi √™m, chill l·∫Øm!",CLEAN,CLEAN
"Game g√¨ m√† lag vl, ch∆°i ch√°n ƒë·ªùi!",OFFENSIVE,OFFENSIVE
"C√°i b√†n ph√≠m n√†y h∆∞ li√™n t·ª•c, b·ª±c gh√™!",OFFENSIVE,OFFENSIVE
"M√°y t√≠nh ch·∫≠m nh∆∞ r√πa, x√†i ·ª©c ch·∫ø!",OFFENSIVE,OFFENSIVE
"ƒê∆∞·ªùng ƒë√¥ng vl, k·∫πt xe m·ªát m·ªèi!",OFFENSIVE,CLEAN
"C√°i app n√†y l·ªói ho√†i, d·ªü ·∫πc!",OFFENSIVE,OFFENSIVE
"M·∫°ng y·∫øu vl, load m√£i kh√¥ng xong!",OFFENSIVE,OFFENSIVE
"ƒê·ªì ƒÉn d·ªü t·ªá, ph√≠ ti·ªÅn vl!",OFFENSIVE,OFFENSIVE
"Coi film n√†y ch√°n ch·∫øt, skip lu√¥n!",OFFENSIVE,OFFENSIVE
"C√°i loa n√†y r√® vl, nghe b·ª±c m√¨nh!",OFFENSIVE,OFFENSIVE
"Shipper giao ch·∫≠m, th√°i ƒë·ªô k√©m!",OFFENSIVE,CLEAN
"M√°y n√†y n√≥ng vl, x√†i ph√°t m·ªát!",OFFENSIVE,OFFENSIVE
"Game th·ªß toxic vl, ch∆°i ch√°n lu√¥n!",OFFENSIVE,OFFENSIVE
"C√°i gh·∫ø n√†y ng·ªìi ƒëau l∆∞ng, ch√°n!",OFFENSIVE,OFFENSIVE
"ƒêi·ªán tho·∫°i n√†y pin y·∫øu x√¨u, b·ª±c!",OFFENSIVE,OFFENSIVE
Mua ƒë·ªì online m√† ch·∫•t l∆∞·ª£ng d·ªüm!,OFFENSIVE,OFFENSIVE
"Server lag vl, disconnect ho√†i!",OFFENSIVE,OFFENSIVE
"Coi c√°i n√†y bu·ªìn ng·ªß vl, ch√°n!",OFFENSIVE,OFFENSIVE
"C√°i b√†n n√†y x∆∞·ªõc h·∫øt, b·ª±c vl!",OFFENSIVE,OFFENSIVE
"M√°y l·∫°nh y·∫øu vl, n√≥ng mu·ªën ch·∫øt!",OFFENSIVE,OFFENSIVE
"Game n√†y update d·ªü, ch√°n gh√™!",OFFENSIVE,CLEAN
"ƒê·ªì ƒÉn ngu·ªôi tanh, ph√≠ ti·ªÅn!",OFFENSIVE,OFFENSIVE
"C√°i tai nghe n√†y ƒë·ª©t d√¢y, b·ª±c!",OFFENSIVE,OFFENSIVE
"ƒê∆∞·ªùng n√†y ·ªï g√† nhi·ªÅu, ch·∫°y m·ªát!",OFFENSIVE,CLEAN
"Coi live n√†y ch√°n vl, t·∫Øt lu√¥n!",OFFENSIVE,OFFENSIVE
"M√°y ·∫£nh n√†y ch·ª•p m·ªù, d·ªü t·ªá!",OFFENSIVE,OFFENSIVE
"C√°i v√≠ n√†y r√°ch nhanh, ch√°n!",OFFENSIVE,OFFENSIVE
"Team kia ch∆°i g√† vl, b·ª±c m√¨nh!",OFFENSIVE,OFFENSIVE
"H√¥m nay m·∫°ng lag, ·ª©c ch·∫ø vl!",OFFENSIVE,CLEAN
"Coi clip n√†y d√†i d√≤ng, ch√°n!",OFFENSIVE,OFFENSIVE
"Shop n√†y giao sai ƒë·ªì, b·ª±c!",OFFENSIVE,OFFENSIVE
"C√°i gi√†y n√†y ch·∫≠t, x√†i kh√≥ ch·ªãu!",OFFENSIVE,OFFENSIVE
"Game n√†y bug ho√†i, ch√°n ƒë·ªùi!",OFFENSIVE,OFFENSIVE
"C√°i ƒë√®n n√†y nh√°y li√™n t·ª•c, m·ªát!",OFFENSIVE,CLEAN
"Shop n√†y scam vl, ƒë·ª´ng ai mua!",HATE,OFFENSIVE
"Th·∫±ng dev ngu vl, game to√†n bug!",HATE,OFFENSIVE
"C√°i qu√°n n√†y l·ª´a ƒë·∫£o, ƒë·ªì d·ªüm!",HATE,OFFENSIVE
"ƒê√°m shipper ngu nh∆∞ b√≤, giao tr·ªÖ!",HATE,OFFENSIVE
"Game n√†y pay-to-win, ch∆°i kh·ªën n·∫°n!",HATE,OFFENSIVE
"Admin l∆∞·ªùi vl, server nh∆∞ r√°c!",HATE,OFFENSIVE
"ƒê·ªì fake m√† b√°n gi√° c·∫Øt c·ªï, ƒë·ªÉu!",HATE,OFFENSIVE
Coi th·∫±ng n√†y di·ªÖn m√† gh√©t vl!,HATE,OFFENSIVE
Team n√†y ch∆°i d·ªü m√† toxic kinh!,HATE,OFFENSIVE
"C√°i m√°y n√†y ƒë·ªÉu vl, h∆∞ li·ªÅn!",HATE,OFFENSIVE
"Shop l·ª´a ƒë·∫£o tr·∫Øng tr·ª£n, tr√°nh xa!",HATE,CLEAN
"Th·∫±ng ƒë√≥ n√≥i chuy·ªán ngu vl, gh√©t!",HATE,OFFENSIVE
"C√°i app n√†y scam ti·ªÅn, kh·ªën n·∫°n!",HATE,OFFENSIVE
"ƒê√°m n√†y b√°n ƒë·ªì d·ªèm, ƒë·ªÉu th·∫≠t!",HATE,OFFENSIVE
"Game n√†y h√∫t m√°u vl, ch∆°i t·ª©c!",HATE,OFFENSIVE
Coi clip n√†y gh√©t b·ªè m·∫π lu√¥n!,HATE,OFFENSIVE
"Shop n√†y th√°i ƒë·ªô l·ªìi l√µm, gh√©t!",HATE,OFFENSIVE
"Th·∫±ng kia ch∆°i b·∫©n, kh·ªën th·∫≠t!",HATE,OFFENSIVE
"C√°i b√†n n√†y ƒë·ªÉu, g√£y li·ªÅn!",HATE,OFFENSIVE
"ƒê√°m dev l∆∞·ªùi vl, update to√†n l·ªói!",HATE,OFFENSIVE
"Qu√°n n√†y b·∫©n th·ªâu, kinh vl!",HATE,OFFENSIVE
Coi th·∫±ng n√†y stream m√† t·ª©c!,HATE,OFFENSIVE
"Game n√†y scam event, kh·ªën n·∫°n!",HATE,OFFENSIVE
"Shop n√†y b√°n ƒë·ªì c≈©, ƒë·ªÉu kinh!",HATE,OFFENSIVE
"Th·∫±ng ƒë√≥ comment toxic, gh√©t vl!",HATE,OFFENSIVE
"C√°i loa n√†y fake, mua t·ª©c!",HATE,OFFENSIVE
ƒê√°m n√†y l·ª´a ti·ªÅn tr·∫Øng tr·ª£n!,HATE,OFFENSIVE
"Coi clip n√†y fake vl, gh√©t!",HATE,OFFENSIVE
"Game n√†y hack nhi·ªÅu, ch∆°i t·ª©c!",HATE,CLEAN
"Shop kia th√°i ƒë·ªô nh∆∞ lol, tr√°nh xa!",HATE,OFFENSIVE
"Th·∫±ng kia flex d·ªüm, gh√©t vl!",HATE,OFFENSIVE
"C√°i app n√†y to√†n qu·∫£ng c√°o, ƒë·ªÉu!",HATE,OFFENSIVE
"ƒê√°m n√†y ch∆°i b·∫©n, kh·ªën n·∫°n vl!",HATE,OFFENSIVE
